ID,Description,Status
66ae5f72652a1a6adcba3aa8,check task,completed
66af1818a733a6e22932adbf,new task,pending
66af1832a733a6e22932adc1,third task,completed
66af424759eb37c4da84a793,one,pending
66af424759eb37c4da84a794,two,pending
66af42b459eb37c4da84a796,three,completed
66af42b459eb37c4da84a797,four,completed
66af42b459eb37c4da84a798,five,pending
66af42b459eb37c4da84a799,six,completed
66af42b459eb37c4da84a79a,seven,completed
66af42b459eb37c4da84a79b,eight,pending
66af6c4728a0d4f03b693961,three,completed
66af6c4728a0d4f03b693962,four,completed
66af6c4728a0d4f03b693963,five,pending
66af6c4728a0d4f03b693964,six,completed
66af6c4728a0d4f03b693965,seven,completed
66af6c4728a0d4f03b693966,eight,pending
